l,b,mub_median,mub_std
-10.0,-10.0,-0.376131745,3.0974240348130313
-10.0,-9.0,-0.39490287,2.905572269859066
-10.0,-8.0,-0.299504115,2.7238156908078683
-10.0,-7.0,-0.36088107,2.6282480521801093
-10.0,-6.0,-0.36786862,2.5777143550718313
-10.0,-5.0,-0.46175257,2.5500271574293936
-10.0,-4.0,-0.548830955,2.558890933637299
-10.0,-3.0,-0.5640226349999999,2.4944602927112394
-10.0,-2.0,-0.601878915,2.668511954807453
-10.0,-1.0,-0.73929998,3.15144525934189
-10.0,0.0,-0.4601461,2.2538928835605185
-10.0,1.0,-0.60494245,3.2969461157259072
-10.0,2.0,-0.52555203,3.0530512054068994
-10.0,3.0,-0.299347155,2.594143108119077
-10.0,4.0,-0.280203395,2.501173207903211
-10.0,5.0,-0.26239567,2.593644551262436
-9.0,-10.0,-0.38769208,3.094268126462567
-9.0,-9.0,-0.4172506,2.9123667609882866
-9.0,-8.0,-0.3676893,2.5285213748331463
-9.0,-7.0,-0.34275086,2.4952250217085736
-9.0,-6.0,-0.325999325,2.365065523614497
-9.0,-5.0,-0.35866218,2.4271372403770886
-9.0,-4.0,-0.56005477,2.7396600990783133
-9.0,-3.0,-0.46347030499999997,2.3450881071477747
-9.0,-2.0,-0.575537275,2.678903195327109
-9.0,-1.0,-0.74032771,3.215963623758605
-9.0,0.0,-0.50852412,2.5805609566386702
-9.0,1.0,-0.685844805,3.61550841545703
-9.0,2.0,-0.39249914,2.3370375528992735
-9.0,3.0,-0.30159669,2.5200728213133594
-9.0,4.0,-0.29728305,8.824991047865845
-9.0,5.0,-0.27897696,2.6102021550902763
-8.0,-10.0,-0.35156613,3.2157796765986713
-8.0,-9.0,-0.34294387000000004,2.7947654888466125
-8.0,-8.0,-0.31585899,2.566246767509119
-8.0,-7.0,-0.31641279,2.5528928829840343
-8.0,-6.0,-0.31889977,2.3908506784919874
-8.0,-5.0,-0.4089996,2.598654858527379
-8.0,-4.0,-0.47275213,3.2822402273245754
-8.0,-3.0,-0.51769974,2.5666397607702334
-8.0,-2.0,-0.483793205,2.191778230887145
-8.0,-1.0,-0.75123221,3.2414029033344134
-8.0,0.0,-0.68509199,3.2462939690767367
-8.0,1.0,-0.63629208,3.426366442075169
-8.0,2.0,-0.55178781,3.3620752024005025
-8.0,3.0,-0.34042185,2.510804433812458
-8.0,4.0,-0.29601815,2.4601440307562337
-8.0,5.0,-0.207981715,2.7920918921116655
-7.0,-10.0,-0.36979106,3.0910586646601215
-7.0,-9.0,-0.330254225,2.998483925599237
-7.0,-8.0,-0.27650676,2.6736998254381996
-7.0,-7.0,-0.33484351,2.518931572635317
-7.0,-6.0,-0.28410581,2.452963701058584
-7.0,-5.0,-0.33318439,2.483975725511986
-7.0,-4.0,-0.433158805,2.556189245836619
-7.0,-3.0,-0.458394725,2.8798737649950645
-7.0,-2.0,-0.47106129,2.3795891142843697
-7.0,-1.0,-0.65394352,2.8559721482766003
-7.0,0.0,-0.60628573,3.02416318713986
-7.0,1.0,-0.6863445349999999,3.5605194792963912
-7.0,2.0,-0.60581411,3.38213178620007
-7.0,3.0,-0.45788283,2.784103400961181
-7.0,4.0,-0.274412535,2.458193422450552
-7.0,5.0,-0.20766795,2.445867922816583
-6.0,-10.0,-0.33586283,3.0513592548414863
-6.0,-9.0,-0.29930237,2.857896195317004
-6.0,-8.0,-0.32749412,2.6733656443311187
-6.0,-7.0,-0.28439233,2.5901375152020947
-6.0,-6.0,-0.322981405,2.4536911655125238
-6.0,-5.0,-0.31454285,2.452896372668491
-6.0,-4.0,-0.36383716,2.417879591363456
-6.0,-3.0,-0.38923408,2.3221290688383984
-6.0,-2.0,-0.414964745,2.19356608194843
-6.0,-1.0,-0.53715158,2.3238042094578217
-6.0,0.0,-0.47931886,2.31953508382501
-6.0,1.0,-0.48555935,2.441985938626567
-6.0,2.0,-0.718836205,3.8424023027418728
-6.0,3.0,-0.28893783,2.556736596050278
-6.0,4.0,-0.262713705,2.561912536442899
-6.0,5.0,-0.215856125,2.5837458412762415
-5.0,-10.0,-0.33258584999999996,2.9530312329934927
-5.0,-9.0,-0.32409537,2.7986625795286373
-5.0,-8.0,-0.30825544000000005,2.598834182862071
-5.0,-7.0,-0.27949933,2.8149859300039957
-5.0,-6.0,-0.29519527,2.58433179385284
-5.0,-5.0,-0.28009884,2.584181912615898
-5.0,-4.0,-0.29714041,2.4932572866414815
-5.0,-3.0,-0.38014236,2.549218789072303
-5.0,-2.0,-0.39575799,2.299825915391554
-5.0,-1.0,-0.465372535,2.3446646964589832
-5.0,0.0,-0.47210275,2.2151747706394858
-5.0,1.0,-0.67683805,2.8784610870737786
-5.0,2.0,-0.49319779,2.718867501604832
-5.0,3.0,-0.393200215,3.5981305166920485
-5.0,4.0,-0.32699221,2.7454991055700546
-5.0,5.0,-0.287389585,2.8252693274895533
-4.0,-10.0,-0.3532316,2.9182811691664847
-4.0,-9.0,-0.341866,2.943123199250867
-4.0,-8.0,-0.29581099,2.6091349400769794
-4.0,-7.0,-0.24925031,2.583666144487165
-4.0,-6.0,-0.3004365,2.5792665363358718
-4.0,-5.0,-0.28642892,2.5685476022492866
-4.0,-4.0,-0.30512942499999995,2.520042519075482
-4.0,-3.0,-0.38630169,2.8372073953154304
-4.0,-2.0,-0.44780943,2.525628429242036
-4.0,-1.0,-0.55629888,2.614923325949487
-4.0,0.0,-0.53571611,2.301627162125629
-4.0,1.0,-0.584018935,2.578700598971351
-4.0,2.0,-0.5193670450000001,2.811600926926299
-4.0,3.0,-0.281607555,2.6362461668444612
-4.0,4.0,-0.25838068000000003,2.5847727520966717
-4.0,5.0,-0.25302729,2.828082343341236
-3.0,-10.0,-0.297975865,2.9496675536014885
-3.0,-9.0,-0.31241304,2.776324875560989
-3.0,-8.0,-0.244054135,2.6475239680906
-3.0,-7.0,-0.30003746,2.567517588381562
-3.0,-6.0,-0.2815653,2.6245880197458393
-3.0,-5.0,-0.29188405,2.62021765293225
-3.0,-4.0,-0.32678184,2.6372898793507784
-3.0,-3.0,-0.35655744,2.5642994148238274
-3.0,-2.0,-0.7061609950000001,3.1751380432123506
-3.0,-1.0,-0.65976218,3.0429505617523653
-3.0,0.0,-0.637689425,3.1950036417230256
-3.0,1.0,-0.435532115,2.3396057274476267
-3.0,2.0,-0.28714051,2.46526182880821
-3.0,3.0,-0.249543125,2.6113404831601557
-3.0,4.0,-0.25395389,2.613617705608674
-3.0,5.0,-0.28711604999999996,2.6552866150234116
-2.0,-10.0,-0.328930435,2.8034111013531313
-2.0,-9.0,-0.32083925,2.8388659644822707
-2.0,-8.0,-0.28065052,2.6072975467610355
-2.0,-7.0,-0.2797624,2.7598643711525845
-2.0,-6.0,-0.27906058,2.681060628503728
-2.0,-5.0,-0.31568501,2.672090647127697
-2.0,-4.0,-0.35389465,2.6489518546701745
-2.0,-3.0,-0.36757853,2.6011732620435377
-2.0,-2.0,-0.961235525,4.180029624864266
-2.0,-1.0,-0.661210745,3.2054682755867585
-2.0,0.0,-0.581249565,2.6131375516384203
-2.0,1.0,-0.476116475,2.5825922458542645
-2.0,2.0,-0.343634415,2.773558353555278
-2.0,3.0,-0.28238364,2.6545894026718257
-2.0,4.0,-0.26261276,2.7618837040388104
-2.0,5.0,-0.26075348,2.860176658946907
-1.0,-10.0,-0.35618692,2.8887322467583556
-1.0,-9.0,-0.26991251,2.7867150368847273
-1.0,-8.0,-0.28710985,2.6501522762138974
-1.0,-7.0,-0.293334835,2.638005792529182
-1.0,-6.0,-0.30644379,2.6556715676664076
-1.0,-5.0,-0.285106985,2.7058253889765544
-1.0,-4.0,-0.351508625,2.8974105913040002
-1.0,-3.0,-0.364992565,2.654952780624297
-1.0,-2.0,-0.35463566,2.643445696322839
-1.0,-1.0,-0.7188251,2.9612226948460147
-1.0,0.0,-0.6259199449999999,3.1203021454378654
-1.0,1.0,-0.466947145,2.4862814577890786
-1.0,2.0,-0.34177658,2.806680652093087
-1.0,3.0,-0.294629885,2.63633772290408
-1.0,4.0,-0.26301072,2.7328366892382365
-1.0,5.0,-0.29071113,3.0987177299373148
0.0,-10.0,-0.2917759,2.7468933614722006
0.0,-9.0,-0.313375665,2.666828865050456
0.0,-8.0,-0.29193682,2.69344056875712
0.0,-7.0,-0.27592318,2.605754518203662
0.0,-6.0,-0.28432687,2.616696437466611
0.0,-5.0,-0.31181895,2.7852547880905836
0.0,-4.0,-0.30536468,2.688227079673311
0.0,-3.0,-0.39530951,2.670996487228307
0.0,-2.0,-0.29945846,2.6988982548067804
0.0,-1.0,-0.53452617,2.4743060064749733
0.0,0.0,-0.663412695,3.213090077056611
0.0,1.0,-0.43796063,2.6305056373302045
0.0,2.0,-0.37126236,2.7978893577313237
0.0,3.0,-0.3617822,2.854815990419394
0.0,4.0,-0.523248105,4.642958476472325
0.0,5.0,-0.30188557,2.7431999025772322
1.0,-10.0,-0.341447605,2.9104482410845125
1.0,-9.0,-0.332133785,2.7300053397436757
1.0,-8.0,-0.30770895,2.619637382325616
1.0,-7.0,-0.26088679000000004,2.652451918559263
1.0,-6.0,-0.264017485,2.607409922468686
1.0,-5.0,-0.24547658,2.636725300579534
1.0,-4.0,-0.26008711,2.68159629741937
1.0,-3.0,-0.27433012,2.678813662269961
1.0,-2.0,-0.315153395,2.636920586328678
1.0,-1.0,-0.442881435,2.5447542339426126
1.0,0.0,-0.61489115,2.722306823187989
1.0,1.0,-0.46905672,2.619612930848643
1.0,2.0,-0.36154569999999997,3.0092418011685056
1.0,3.0,-0.35680265499999997,2.8320869888366675
1.0,4.0,-0.5113468699999999,3.544825095324834
1.0,5.0,-0.310399005,2.9048189295349633
2.0,-10.0,-0.29962288,2.813290002733039
2.0,-9.0,-0.31392445,2.804916038636037
2.0,-8.0,-0.26415438,2.6433050699233265
2.0,-7.0,-0.2798802,2.589455184697887
2.0,-6.0,-0.25671383,2.552882681623613
2.0,-5.0,-0.280406975,2.624555081862796
2.0,-4.0,-0.2740881,2.6376506758134544
2.0,-3.0,-0.27594641,2.6805678137032256
2.0,-2.0,-0.31324719,2.66410631777509
2.0,-1.0,-0.512542045,2.3747355626607476
2.0,0.0,-0.615289855,2.7377160299492833
2.0,1.0,-0.43442983,2.4902390799699803
2.0,2.0,-0.35238071,2.705523834194706
2.0,3.0,-0.4432079,3.0565715695088773
2.0,4.0,-0.49893478,3.5558069146289757
2.0,5.0,-0.29099315000000003,2.841360166500782
3.0,-10.0,-0.30392256,2.9161746758143385
3.0,-9.0,-0.31181197,2.764458748906764
3.0,-8.0,-0.31397367,3.120502608238699
3.0,-7.0,-0.30438920999999997,2.60224943223474
3.0,-6.0,-0.306196645,2.572797725624109
3.0,-5.0,-0.27366283,2.6082106122939797
3.0,-4.0,-0.264004605,2.597801526825176
3.0,-3.0,-0.28337098,2.621005731983427
3.0,-2.0,-0.3123812,2.5207416428782072
3.0,-1.0,-0.57153174,3.1866491014190674
3.0,0.0,-0.56530147,2.6625229025466015
3.0,1.0,-0.63066229,2.6546235707926287
3.0,2.0,-0.357304865,2.6989996728008174
3.0,3.0,-0.33255641,3.0151115444222585
3.0,4.0,-0.323184495,2.701390824301161
3.0,5.0,-0.27490432,2.8404550518365825
4.0,-10.0,-0.29727537000000004,2.7496324039679467
4.0,-9.0,-0.2957884,2.7465346780387914
4.0,-8.0,-0.25951615,2.591721894670388
4.0,-7.0,-0.283805825,2.5619499325283273
4.0,-6.0,-0.3087509,2.5424069075562805
4.0,-5.0,-0.27893063,2.550607347104561
4.0,-4.0,-0.274495935,2.5496095742476763
4.0,-3.0,-0.26660547,2.5267757712343153
4.0,-2.0,-0.392882555,2.5509144782312676
4.0,-1.0,-0.62880514,2.7041891107536093
4.0,0.0,-0.51591106,2.713141595854136
4.0,1.0,-0.44151394,2.2999463010890504
4.0,2.0,-0.33623275,2.578292401652883
4.0,3.0,-0.30473392,2.5330821486288624
4.0,4.0,-0.33070287,2.742013357815579
4.0,5.0,-0.25969085,2.73887283766836
5.0,-10.0,-0.281843585,2.941697192849983
5.0,-9.0,-0.31064444,2.6777858360943916
5.0,-8.0,-0.32892456,2.6064540520817605
5.0,-7.0,-0.28589546,2.706390270723947
5.0,-6.0,-0.28665505999999996,2.4948272613447933
5.0,-5.0,-0.27169472,2.5539552011031708
5.0,-4.0,-0.28713409,2.559400205310161
5.0,-3.0,-0.35552842,2.4698727412065424
5.0,-2.0,-0.44920871,2.569846632612191
5.0,-1.0,-0.593702755,2.5995272554841065
5.0,0.0,-0.54393846,2.709381080137332
5.0,1.0,-0.49639617,2.38858626509755
5.0,2.0,-0.32864322,2.3388325683605045
5.0,3.0,-0.3167055,2.4509831339436836
5.0,4.0,-0.32490312,2.679495183817291
5.0,5.0,-0.28249219,2.623639085030855
6.0,-10.0,-0.30821718,2.7818798202679447
6.0,-9.0,-0.341110945,2.7909944084869496
6.0,-8.0,-0.28496481,2.682309585012246
6.0,-7.0,-0.29328187,2.58049439349752
6.0,-6.0,-0.31277102,2.514238144949857
6.0,-5.0,-0.30080182,2.497967743728037
6.0,-4.0,-0.300994935,2.549032404174672
6.0,-3.0,-0.35726261,3.0151284900876254
6.0,-2.0,-0.51474424,2.589876814270956
6.0,-1.0,-0.632426885,4.074245853739769
6.0,0.0,-0.47451235,2.277867546883859
6.0,1.0,-0.4114701,2.2019743643468574
6.0,2.0,-0.348503735,2.630316639730983
6.0,3.0,-0.344204745,2.604541124791576
6.0,4.0,-0.36449285,2.5367032771565836
6.0,5.0,-0.35027003,2.8102551960930837
7.0,-10.0,-0.28198317,2.8699785760764667
7.0,-9.0,-0.321009135,2.753841645807091
7.0,-8.0,-0.283860085,2.6920676058429125
7.0,-7.0,-0.3005228,2.5803091496908945
7.0,-6.0,-0.27825661,2.6084792455756274
7.0,-5.0,-0.273427315,2.520585513693791
7.0,-4.0,-0.2811286,2.4412535739839663
7.0,-3.0,-0.39197981,2.624683313939328
7.0,-2.0,-0.57666965,3.1959950677058186
7.0,-1.0,-0.5517332,2.5397507566352693
7.0,0.0,-0.53817465,2.3202807880161895
7.0,1.0,-0.567977645,2.7453744074070667
7.0,2.0,-0.36084764,2.294111642413151
7.0,3.0,-0.375372325,2.5528957951534057
7.0,4.0,-0.39265035,2.551475750826812
7.0,5.0,-0.33687586,2.544925180409127
8.0,-10.0,-0.34173271,2.812094848425455
8.0,-9.0,-0.35552786,2.9679250067042875
8.0,-8.0,-0.30811328000000004,2.7617355477607646
8.0,-7.0,-0.32149486,2.5153947053679944
8.0,-6.0,-0.28863458,2.5010129853959535
8.0,-5.0,-0.29721057,2.507889076341011
8.0,-4.0,-0.30497648499999996,2.4164513111062824
8.0,-3.0,-0.3363896,2.4371662270899157
8.0,-2.0,-0.4576541,2.7668302462933174
8.0,-1.0,-0.59864345,3.2243523519978514
8.0,0.0,-0.510019495,2.367211554320762
8.0,1.0,-0.55565976,2.671305592758162
8.0,2.0,-0.38754945,2.345726306496293
8.0,3.0,-0.41880207,2.4611364406058294
8.0,4.0,-0.38632107,2.5280561371844943
8.0,5.0,-0.317951315,2.520348744749714
9.0,-10.0,-0.34371857,2.9051356762950236
9.0,-9.0,-0.27724475000000004,2.803334822393308
9.0,-8.0,-0.31998228,2.778415299849897
9.0,-7.0,-0.32076357499999997,2.7218847077718746
9.0,-6.0,-0.35383831,2.5755673692395775
9.0,-5.0,-0.32999637,2.531413807770987
9.0,-4.0,-0.326679675,2.452021290018275
9.0,-3.0,-0.356042715,2.706533047588054
9.0,-2.0,-0.39415635000000004,2.3144940477603444
9.0,-1.0,-0.57441217,2.4023237411000387
9.0,0.0,-0.49121898,2.449647228371205
9.0,1.0,-0.56848139,2.708552713844226
9.0,2.0,-0.42915195500000003,2.5665838879188407
9.0,3.0,-0.45747736,2.681857478911899
9.0,4.0,-0.42738104,2.6456972670672343
9.0,5.0,-0.37318504500000005,2.690101136912953
10.0,-10.0,-0.31509581,2.854686821145965
10.0,-9.0,-0.3234861,2.8770629583013294
10.0,-8.0,-0.318048435,2.6818978701914946
10.0,-7.0,-0.29430729,2.571493350817046
10.0,-6.0,-0.28787209,2.5737500132958164
10.0,-5.0,-0.30157572,2.580743708534733
10.0,-4.0,-0.371941405,2.7094791049295917
10.0,-3.0,-0.34856484,2.3510712343413105
10.0,-2.0,-0.44890423,2.4324397176812846
10.0,-1.0,-0.612939295,3.0606863983136985
10.0,0.0,-0.555585565,2.6865930586812015
10.0,1.0,-0.57342216,2.5278532325495244
10.0,2.0,-0.58039696,2.94186664191317
10.0,3.0,-0.48783673,2.7796408488615456
10.0,4.0,-0.45063465,2.6206220947361265
10.0,5.0,-0.37055769000000005,2.5784210408922004
